<?xml version="1.0" encoding="UTF-8" standalone="yes"?>
<addon id="repository.pov.hebrew.wizard" name="POV Hebrew Wizard Repository" version="1.0.0" provider-name="KODI-RD-IL">
    <extension point="xbmc.addon.repository" name="POV Hebrew Wizard Repository">
        <info compressed="false">https://asaf27064.github.io/zips/addons.xml</info>
        <checksum>https://asaf27064.github.io/zips/addons.xml.md5</checksum>
        <datadir zip="true">https://asaf27064.github.io/zips</datadir>
    </extension>
    <extension point="xbmc.addon.metadata">
        <summary lang="en_GB">POV Hebrew Wizard Repository</summary>
        <summary lang="he_IL">ריפו של אשף הכתוביות העבריות</summary>
        <description lang="en_GB">Repository for POV Hebrew Subtitles Wizard - Hebrew subtitle integration for POV, FenLight and Arctic Fuse skin.</description>
        <description lang="he_IL">ריפו לאשף הכתוביות העבריות - אינטגרציית כתוביות עבריות ל-POV, FenLight וסקין Arctic Fuse.</description>
        <platform>all</platform>
    </extension>
</addon>
