<?xml version="1.0" encoding="UTF-8" standalone="yes"?>
<addon id="plugin.program.pov.hebrew.wizard" name="POV Hebrew Subtitles Wizard" version="1.0.1" provider-name="KODI-RD-IL">
    <requires>
        <import addon="xbmc.python" version="3.0.0"/>
        <import addon="script.module.requests"/>
    </requires>
    <extension point="xbmc.python.pluginsource" library="default.py">
        <provides>executable</provides>
    </extension>
    <extension point="xbmc.service" library="service.py" start="startup"/>
    <extension point="xbmc.addon.metadata">
        <summary lang="en_GB">Hebrew Subtitles Integration for POV, FenLight &amp; Arctic Fuse</summary>
        <summary lang="he_IL">אינטגרציית כתוביות עבריות ל-POV, FenLight וסקין Arctic Fuse</summary>
        <description lang="en_GB">Automatically installs and updates Hebrew subtitle matching feature for POV and FenLight addons. Also supports Hebrew files for Arctic Fuse skin. Auto re-installs after addon updates.</description>
        <description lang="he_IL">מתקין ומעדכן אוטומטית את תכונת התאמת הכתוביות העבריות לתוספי POV ו-FenLight. תומך גם בקבצי עברית לסקין Arctic Fuse. מתקין מחדש אוטומטית אחרי עדכוני תוספים.</description>
        <platform>all</platform>
        <license>GPL-3.0</license>
    </extension>
</addon>
