<?xml version="1.0" encoding="UTF-8"?>
<addon id="repository.masterkodi.il" name="MasterKodi IL Repository" version="1.0.0" provider-name="MasterKodi IL">
    <extension point="xbmc.addon.repository" name="MasterKodi IL Repository">
        <dir>
            <info compressed="false">https://asaf27064.github.io/addons.xml</info>
            <checksum>https://asaf27064.github.io/addons.xml.md5</checksum>
            <datadir zip="true">https://asaf27064.github.io/zips</datadir>
        </dir>
    </extension>
    <extension point="xbmc.addon.metadata">
        <summary lang="en">MasterKodi IL Repository</summary>
        <summary lang="he">רפוזיטורי MasterKodi IL</summary>
        <description lang="en">Official repository for MasterKodi IL Wizard.</description>
        <description lang="he">רפוזיטורי רשמי של MasterKodi IL</description>
        <platform>all</platform>
    </extension>
</addon>
